Type,Left,Right,Up,Down,Name
SOC,112.9995,153.9995,-10.0004,-44.0004,SOC_000_005_05_N_P_AU_NAT_C_20140801.tif
DEM,141.30986111155704,143.21430555608072,-36.158194444674116,-37.16263888910896,D:/Dataset/DEM/1_Second_DEM_Smoothed_4306080/1_Second_DEM_Smoothed.tif
EO-1,142.6622699954712,143.17160703041947,-35.36579150024378,-36.743931294099966,D:/Dataset/Sentinel/S2A_MSIL1C_20151228T001732_N0201_R116_T54HXE_20151228T002528/S2A_MSIL1C_20151228T001732_N0201_R116_T54HXE_20151228T002528.SAFE/GRANULE/L1C_T54HXE_A002687_20151228T002528/IMG_DATA/T54HXE_20151228T001732_B01.jp2